"filename", "language", "JSON", "JSON with Comments", "TypeScript", "JavaScript", "Properties", "SCSS", "HTML", "Docker", "CSS", "comment", "blank", "total"
"c:\Users\dando\Desktop\צבא\פרויקטים בצבא\chat-group\apps\auth-backend\.env", "Properties", 0, 0, 0, 0, 10, 0, 0, 0, 0, 0, 1, 11
"c:\Users\dando\Desktop\צבא\פרויקטים בצבא\chat-group\apps\auth-backend\.eslintrc.json", "JSON", 18, 0, 0, 0, 0, 0, 0, 0, 0, 0, 1, 19
"c:\Users\dando\Desktop\צבא\פרויקטים בצבא\chat-group\apps\auth-backend\jest.config.ts", "TypeScript", 0, 0, 10, 0, 0, 0, 0, 0, 0, 1, 1, 12
"c:\Users\dando\Desktop\צבא\פרויקטים בצבא\chat-group\apps\auth-backend\project.json", "JSON", 54, 0, 0, 0, 0, 0, 0, 0, 0, 0, 2, 56
"c:\Users\dando\Desktop\צבא\פרויקטים בצבא\chat-group\apps\auth-backend\src\app\app.controller.ts", "TypeScript", 0, 0, 10, 0, 0, 0, 0, 0, 0, 0, 4, 14
"c:\Users\dando\Desktop\צבא\פרויקטים בצבא\chat-group\apps\auth-backend\src\app\app.module.ts", "TypeScript", 0, 0, 9, 0, 0, 0, 0, 0, 0, 0, 2, 11
"c:\Users\dando\Desktop\צבא\פרויקטים בצבא\chat-group\apps\auth-backend\src\app\app.service.ts", "TypeScript", 0, 0, 7, 0, 0, 0, 0, 0, 0, 0, 2, 9
"c:\Users\dando\Desktop\צבא\פרויקטים בצבא\chat-group\apps\auth-backend\src\app\auth-handler\auth.controller.ts", "TypeScript", 0, 0, 38, 0, 0, 0, 0, 0, 0, 0, 6, 44
"c:\Users\dando\Desktop\צבא\פרויקטים בצבא\chat-group\apps\auth-backend\src\app\auth-handler\auth.module.ts", "TypeScript", 0, 0, 11, 0, 0, 0, 0, 0, 0, 0, 2, 13
"c:\Users\dando\Desktop\צבא\פרויקטים בצבא\chat-group\apps\auth-backend\src\app\auth-handler\auth.queries.ts", "TypeScript", 0, 0, 7, 0, 0, 0, 0, 0, 0, 0, 4, 11
"c:\Users\dando\Desktop\צבא\פרויקטים בצבא\chat-group\apps\auth-backend\src\app\auth-handler\auth.service.ts", "TypeScript", 0, 0, 118, 0, 0, 0, 0, 0, 0, 1, 15, 134
"c:\Users\dando\Desktop\צבא\פרויקטים בצבא\chat-group\apps\auth-backend\src\app\authentication-class-handler\authentication.class.ts", "TypeScript", 0, 0, 71, 0, 0, 0, 0, 0, 0, 0, 8, 79
"c:\Users\dando\Desktop\צבא\פרויקטים בצבא\chat-group\apps\auth-backend\src\app\redis-handler\redis-tokens-handler.service.ts", "TypeScript", 0, 0, 60, 0, 0, 0, 0, 0, 0, 1, 13, 74
"c:\Users\dando\Desktop\צבא\פרויקטים בצבא\chat-group\apps\auth-backend\src\app\redis-handler\redis.controller.ts", "TypeScript", 0, 0, 31, 0, 0, 0, 0, 0, 0, 0, 6, 37
"c:\Users\dando\Desktop\צבא\פרויקטים בצבא\chat-group\apps\auth-backend\src\app\redis-handler\redis.module.ts", "TypeScript", 0, 0, 10, 0, 0, 0, 0, 0, 0, 0, 2, 12
"c:\Users\dando\Desktop\צבא\פרויקטים בצבא\chat-group\apps\auth-backend\src\app\redis-handler\redis.provider.ts", "TypeScript", 0, 0, 13, 0, 0, 0, 0, 0, 0, 0, 3, 16
"c:\Users\dando\Desktop\צבא\פרויקטים בצבא\chat-group\apps\auth-backend\src\app\shared\interfaces\ngrx-store-user.interface.ts", "TypeScript", 0, 0, 4, 0, 0, 0, 0, 0, 0, 0, 2, 6
"c:\Users\dando\Desktop\צבא\פרויקטים בצבא\chat-group\apps\auth-backend\src\app\shared\modules\pg.module.ts", "TypeScript", 0, 0, 7, 0, 0, 0, 0, 0, 0, 0, 2, 9
"c:\Users\dando\Desktop\צבא\פרויקטים בצבא\chat-group\apps\auth-backend\src\app\shared\queries\start-app.queries.ts", "TypeScript", 0, 0, 10, 0, 0, 0, 0, 0, 0, 0, 1, 11
"c:\Users\dando\Desktop\צבא\פרויקטים בצבא\chat-group\apps\auth-backend\src\app\shared\services\pg.service.ts", "TypeScript", 0, 0, 31, 0, 0, 0, 0, 0, 0, 1, 6, 38
"c:\Users\dando\Desktop\צבא\פרויקטים בצבא\chat-group\apps\auth-backend\src\main.ts", "TypeScript", 0, 0, 19, 0, 0, 0, 0, 0, 0, 4, 6, 29
"c:\Users\dando\Desktop\צבא\פרויקטים בצבא\chat-group\apps\auth-backend\tests\auth.test.ts", "TypeScript", 0, 0, 34, 0, 0, 0, 0, 0, 0, 0, 2, 36
"c:\Users\dando\Desktop\צבא\פרויקטים בצבא\chat-group\apps\auth-backend\tsconfig.app.json", "JSON", 12, 0, 0, 0, 0, 0, 0, 0, 0, 0, 1, 13
"c:\Users\dando\Desktop\צבא\פרויקטים בצבא\chat-group\apps\auth-backend\tsconfig.json", "JSON with Comments", 0, 16, 0, 0, 0, 0, 0, 0, 0, 0, 1, 17
"c:\Users\dando\Desktop\צבא\פרויקטים בצבא\chat-group\apps\auth-backend\tsconfig.spec.json", "JSON", 14, 0, 0, 0, 0, 0, 0, 0, 0, 0, 1, 15
"c:\Users\dando\Desktop\צבא\פרויקטים בצבא\chat-group\apps\auth-backend\webpack.config.js", "JavaScript", 0, 0, 0, 9, 0, 0, 0, 0, 0, 3, 3, 15
"c:\Users\dando\Desktop\צבא\פרויקטים בצבא\chat-group\apps\front-gateway\.env", "Properties", 0, 0, 0, 0, 5, 0, 0, 0, 0, 0, 2, 7
"c:\Users\dando\Desktop\צבא\פרויקטים בצבא\chat-group\apps\front-gateway\.eslintrc.json", "JSON", 18, 0, 0, 0, 0, 0, 0, 0, 0, 0, 1, 19
"c:\Users\dando\Desktop\צבא\פרויקטים בצבא\chat-group\apps\front-gateway\jest.config.ts", "TypeScript", 0, 0, 10, 0, 0, 0, 0, 0, 0, 1, 1, 12
"c:\Users\dando\Desktop\צבא\פרויקטים בצבא\chat-group\apps\front-gateway\project.json", "JSON", 54, 0, 0, 0, 0, 0, 0, 0, 0, 0, 2, 56
"c:\Users\dando\Desktop\צבא\פרויקטים בצבא\chat-group\apps\front-gateway\src\app\app.controller.ts", "TypeScript", 0, 0, 10, 0, 0, 0, 0, 0, 0, 0, 4, 14
"c:\Users\dando\Desktop\צבא\פרויקטים בצבא\chat-group\apps\front-gateway\src\app\app.module.ts", "TypeScript", 0, 0, 19, 0, 0, 0, 0, 0, 0, 0, 2, 21
"c:\Users\dando\Desktop\צבא\פרויקטים בצבא\chat-group\apps\front-gateway\src\app\app.service.ts", "TypeScript", 0, 0, 7, 0, 0, 0, 0, 0, 0, 0, 2, 9
"c:\Users\dando\Desktop\צבא\פרויקטים בצבא\chat-group\apps\front-gateway\src\app\chat-gateway\chat-data-gateway\chat-data-gateway.controller.ts", "TypeScript", 0, 0, 30, 0, 0, 0, 0, 0, 0, 0, 4, 34
"c:\Users\dando\Desktop\צבא\פרויקטים בצבא\chat-group\apps\front-gateway\src\app\chat-gateway\chat-data-gateway\chat-data-gateway.service.ts", "TypeScript", 0, 0, 105, 0, 0, 0, 0, 0, 0, 0, 18, 123
"c:\Users\dando\Desktop\צבא\פרויקטים בצבא\chat-group\apps\front-gateway\src\app\chat-gateway\chat-gateway.module.ts", "TypeScript", 0, 0, 13, 0, 0, 0, 0, 0, 0, 0, 2, 15
"c:\Users\dando\Desktop\צבא\פרויקטים בצבא\chat-group\apps\front-gateway\src\app\chat-gateway\chat-socket-io\chat.gateway.ts", "TypeScript", 0, 0, 89, 0, 0, 0, 0, 0, 0, 0, 15, 104
"c:\Users\dando\Desktop\צבא\פרויקטים בצבא\chat-group\apps\front-gateway\src\app\chat-gateway\redis-handler\redis-online-users.service.ts", "TypeScript", 0, 0, 21, 0, 0, 0, 0, 0, 0, 1, 7, 29
"c:\Users\dando\Desktop\צבא\פרויקטים בצבא\chat-group\apps\front-gateway\src\app\chat-gateway\redis-handler\redis.module.ts", "TypeScript", 0, 0, 9, 0, 0, 0, 0, 0, 0, 0, 2, 11
"c:\Users\dando\Desktop\צבא\פרויקטים בצבא\chat-group\apps\front-gateway\src\app\chat-gateway\redis-handler\redis.provider.ts", "TypeScript", 0, 0, 13, 0, 0, 0, 0, 0, 0, 0, 3, 16
"c:\Users\dando\Desktop\צבא\פרויקטים בצבא\chat-group\apps\front-gateway\src\app\gateway-handler\groups-gateway\group.module.ts", "TypeScript", 0, 0, 11, 0, 0, 0, 0, 0, 0, 0, 2, 13
"c:\Users\dando\Desktop\צבא\פרויקטים בצבא\chat-group\apps\front-gateway\src\app\gateway-handler\groups-gateway\groups-gateway.controller.ts", "TypeScript", 0, 0, 45, 0, 0, 0, 0, 0, 0, 0, 4, 49
"c:\Users\dando\Desktop\צבא\פרויקטים בצבא\chat-group\apps\front-gateway\src\app\gateway-handler\groups-gateway\groups-gateway.service.ts", "TypeScript", 0, 0, 68, 0, 0, 0, 0, 0, 0, 0, 14, 82
"c:\Users\dando\Desktop\צבא\פרויקטים בצבא\chat-group\apps\front-gateway\src\app\gateway-handler\middlewares\auth-middleware.ts", "TypeScript", 0, 0, 34, 0, 0, 0, 0, 0, 0, 0, 3, 37
"c:\Users\dando\Desktop\צבא\פרויקטים בצבא\chat-group\apps\front-gateway\src\app\gateway-handler\users-gateway\users-gateway.controller.ts", "TypeScript", 0, 0, 58, 0, 0, 0, 0, 0, 0, 11, 8, 77
"c:\Users\dando\Desktop\צבא\פרויקטים בצבא\chat-group\apps\front-gateway\src\app\gateway-handler\users-gateway\users-gateway.service.ts", "TypeScript", 0, 0, 111, 0, 0, 0, 0, 0, 0, 0, 23, 134
"c:\Users\dando\Desktop\צבא\פרויקטים בצבא\chat-group\apps\front-gateway\src\app\gateway-handler\users-gateway\users.module.ts", "TypeScript", 0, 0, 12, 0, 0, 0, 0, 0, 0, 0, 2, 14
"c:\Users\dando\Desktop\צבא\פרויקטים בצבא\chat-group\apps\front-gateway\src\main.ts", "TypeScript", 0, 0, 27, 0, 0, 0, 0, 0, 0, 4, 7, 38
"c:\Users\dando\Desktop\צבא\פרויקטים בצבא\chat-group\apps\front-gateway\tsconfig.app.json", "JSON", 12, 0, 0, 0, 0, 0, 0, 0, 0, 0, 1, 13
"c:\Users\dando\Desktop\צבא\פרויקטים בצבא\chat-group\apps\front-gateway\tsconfig.json", "JSON with Comments", 0, 16, 0, 0, 0, 0, 0, 0, 0, 0, 1, 17
"c:\Users\dando\Desktop\צבא\פרויקטים בצבא\chat-group\apps\front-gateway\tsconfig.spec.json", "JSON", 14, 0, 0, 0, 0, 0, 0, 0, 0, 0, 1, 15
"c:\Users\dando\Desktop\צבא\פרויקטים בצבא\chat-group\apps\front-gateway\webpack.config.js", "JavaScript", 0, 0, 0, 9, 0, 0, 0, 0, 0, 3, 3, 15
"c:\Users\dando\Desktop\צבא\פרויקטים בצבא\chat-group\apps\group-chat-backend\.env", "Properties", 0, 0, 0, 0, 9, 0, 0, 0, 0, 0, 0, 9
"c:\Users\dando\Desktop\צבא\פרויקטים בצבא\chat-group\apps\group-chat-backend\.eslintrc.json", "JSON", 18, 0, 0, 0, 0, 0, 0, 0, 0, 0, 1, 19
"c:\Users\dando\Desktop\צבא\פרויקטים בצבא\chat-group\apps\group-chat-backend\Dockerfile", "Docker", 0, 0, 0, 0, 0, 0, 0, 16, 0, 3, 2, 21
"c:\Users\dando\Desktop\צבא\פרויקטים בצבא\chat-group\apps\group-chat-backend\jest.config.ts", "TypeScript", 0, 0, 10, 0, 0, 0, 0, 0, 0, 1, 1, 12
"c:\Users\dando\Desktop\צבא\פרויקטים בצבא\chat-group\apps\group-chat-backend\project.json", "JSON", 54, 0, 0, 0, 0, 0, 0, 0, 0, 0, 2, 56
"c:\Users\dando\Desktop\צבא\פרויקטים בצבא\chat-group\apps\group-chat-backend\src\app\app.controller.ts", "TypeScript", 0, 0, 10, 0, 0, 0, 0, 0, 0, 0, 4, 14
"c:\Users\dando\Desktop\צבא\פרויקטים בצבא\chat-group\apps\group-chat-backend\src\app\app.module.ts", "TypeScript", 0, 0, 10, 0, 0, 0, 0, 0, 0, 0, 1, 11
"c:\Users\dando\Desktop\צבא\פרויקטים בצבא\chat-group\apps\group-chat-backend\src\app\app.service.ts", "TypeScript", 0, 0, 7, 0, 0, 0, 0, 0, 0, 0, 2, 9
"c:\Users\dando\Desktop\צבא\פרויקטים בצבא\chat-group\apps\group-chat-backend\src\app\chat-handler\chat.controller.ts", "TypeScript", 0, 0, 26, 0, 0, 0, 0, 0, 0, 0, 3, 29
"c:\Users\dando\Desktop\צבא\פרויקטים בצבא\chat-group\apps\group-chat-backend\src\app\chat-handler\chat.module.ts", "TypeScript", 0, 0, 10, 0, 0, 0, 0, 0, 0, 0, 2, 12
"c:\Users\dando\Desktop\צבא\פרויקטים בצבא\chat-group\apps\group-chat-backend\src\app\chat-handler\chat.queries.ts", "TypeScript", 0, 0, 24, 0, 0, 0, 0, 0, 0, 0, 5, 29
"c:\Users\dando\Desktop\צבא\פרויקטים בצבא\chat-group\apps\group-chat-backend\src\app\chat-handler\chat.service.ts", "TypeScript", 0, 0, 51, 0, 0, 0, 0, 0, 0, 3, 8, 62
"c:\Users\dando\Desktop\צבא\פרויקטים בצבא\chat-group\apps\group-chat-backend\src\app\groups-handler\groups.controller.ts", "TypeScript", 0, 0, 36, 0, 0, 0, 0, 0, 0, 0, 6, 42
"c:\Users\dando\Desktop\צבא\פרויקטים בצבא\chat-group\apps\group-chat-backend\src\app\groups-handler\groups.module.ts", "TypeScript", 0, 0, 10, 0, 0, 0, 0, 0, 0, 0, 2, 12
"c:\Users\dando\Desktop\צבא\פרויקטים בצבא\chat-group\apps\group-chat-backend\src\app\groups-handler\groups.queries.ts", "TypeScript", 0, 0, 21, 0, 0, 0, 0, 0, 0, 0, 8, 29
"c:\Users\dando\Desktop\צבא\פרויקטים בצבא\chat-group\apps\group-chat-backend\src\app\groups-handler\groups.service.ts", "TypeScript", 0, 0, 89, 0, 0, 0, 0, 0, 0, 2, 14, 105
"c:\Users\dando\Desktop\צבא\פרויקטים בצבא\chat-group\apps\group-chat-backend\src\app\shared\modules\pg.module.ts", "TypeScript", 0, 0, 7, 0, 0, 0, 0, 0, 0, 0, 2, 9
"c:\Users\dando\Desktop\צבא\פרויקטים בצבא\chat-group\apps\group-chat-backend\src\app\shared\queries\start-app.queries.ts", "TypeScript", 0, 0, 28, 0, 0, 0, 0, 0, 0, 0, 3, 31
"c:\Users\dando\Desktop\צבא\פרויקטים בצבא\chat-group\apps\group-chat-backend\src\app\shared\services\pg.service.ts", "TypeScript", 0, 0, 35, 0, 0, 0, 0, 0, 0, 1, 6, 42
"c:\Users\dando\Desktop\צבא\פרויקטים בצבא\chat-group\apps\group-chat-backend\src\app\user-handler\user.controller.ts", "TypeScript", 0, 0, 43, 0, 0, 0, 0, 0, 0, 11, 7, 61
"c:\Users\dando\Desktop\צבא\פרויקטים בצבא\chat-group\apps\group-chat-backend\src\app\user-handler\user.module.ts", "TypeScript", 0, 0, 11, 0, 0, 0, 0, 0, 0, 0, 2, 13
"c:\Users\dando\Desktop\צבא\פרויקטים בצבא\chat-group\apps\group-chat-backend\src\app\user-handler\user.queries.ts", "TypeScript", 0, 0, 11, 0, 0, 0, 0, 0, 0, 0, 4, 15
"c:\Users\dando\Desktop\צבא\פרויקטים בצבא\chat-group\apps\group-chat-backend\src\app\user-handler\user.service.ts", "TypeScript", 0, 0, 49, 0, 0, 0, 0, 0, 0, 13, 7, 69
"c:\Users\dando\Desktop\צבא\פרויקטים בצבא\chat-group\apps\group-chat-backend\src\main.ts", "TypeScript", 0, 0, 21, 0, 0, 0, 0, 0, 0, 4, 6, 31
"c:\Users\dando\Desktop\צבא\פרויקטים בצבא\chat-group\apps\group-chat-backend\tsconfig.app.json", "JSON", 12, 0, 0, 0, 0, 0, 0, 0, 0, 0, 1, 13
"c:\Users\dando\Desktop\צבא\פרויקטים בצבא\chat-group\apps\group-chat-backend\tsconfig.json", "JSON with Comments", 0, 16, 0, 0, 0, 0, 0, 0, 0, 0, 1, 17
"c:\Users\dando\Desktop\צבא\פרויקטים בצבא\chat-group\apps\group-chat-backend\tsconfig.spec.json", "JSON", 14, 0, 0, 0, 0, 0, 0, 0, 0, 0, 1, 15
"c:\Users\dando\Desktop\צבא\פרויקטים בצבא\chat-group\apps\group-chat-backend\webpack.config.js", "JavaScript", 0, 0, 0, 9, 0, 0, 0, 0, 0, 3, 3, 15
"c:\Users\dando\Desktop\צבא\פרויקטים בצבא\chat-group\apps\group-chat\.eslintrc.json", "JSON", 36, 0, 0, 0, 0, 0, 0, 0, 0, 0, 1, 37
"c:\Users\dando\Desktop\צבא\פרויקטים בצבא\chat-group\apps\group-chat\Dockerfile", "Docker", 0, 0, 0, 0, 0, 0, 0, 5, 0, 0, 1, 6
"c:\Users\dando\Desktop\צבא\פרויקטים בצבא\chat-group\apps\group-chat\jest.config.ts", "TypeScript", 0, 0, 21, 0, 0, 0, 0, 0, 0, 1, 1, 23
"c:\Users\dando\Desktop\צבא\פרויקטים בצבא\chat-group\apps\group-chat\project.json", "JSON", 93, 0, 0, 0, 0, 0, 0, 0, 0, 0, 3, 96
"c:\Users\dando\Desktop\צבא\פרויקטים בצבא\chat-group\apps\group-chat\proxy.conf.json", "JSON", 6, 0, 0, 0, 0, 0, 0, 0, 0, 0, 1, 7
"c:\Users\dando\Desktop\צבא\פרויקטים בצבא\chat-group\apps\group-chat\src\app\api-endpoint\chat-frontend.service.ts", "TypeScript", 0, 0, 38, 0, 0, 0, 0, 0, 0, 0, 6, 44
"c:\Users\dando\Desktop\צבא\פרויקטים בצבא\chat-group\apps\group-chat\src\app\api-endpoint\group-frontend.service.ts", "TypeScript", 0, 0, 31, 0, 0, 0, 0, 0, 0, 0, 6, 37
"c:\Users\dando\Desktop\צבא\פרויקטים בצבא\chat-group\apps\group-chat\src\app\api-endpoint\user-frontend.service.ts", "TypeScript", 0, 0, 60, 0, 0, 0, 0, 0, 0, 14, 11, 85
"c:\Users\dando\Desktop\צבא\פרויקטים בצבא\chat-group\apps\group-chat\src\app\app-routing.module.ts", "TypeScript", 0, 0, 18, 0, 0, 0, 0, 0, 0, 0, 2, 20
"c:\Users\dando\Desktop\צבא\פרויקטים בצבא\chat-group\apps\group-chat\src\app\app.component.html", "HTML", 0, 0, 0, 0, 0, 0, 1, 0, 0, 0, 1, 2
"c:\Users\dando\Desktop\צבא\פרויקטים בצבא\chat-group\apps\group-chat\src\app\app.component.scss", "SCSS", 0, 0, 0, 0, 0, 0, 0, 0, 0, 0, 1, 1
"c:\Users\dando\Desktop\צבא\פרויקטים בצבא\chat-group\apps\group-chat\src\app\app.component.ts", "TypeScript", 0, 0, 9, 0, 0, 0, 0, 0, 0, 0, 2, 11
"c:\Users\dando\Desktop\צבא\פרויקטים בצבא\chat-group\apps\group-chat\src\app\app.config.ts", "TypeScript", 0, 0, 6, 0, 0, 0, 0, 0, 0, 0, 2, 8
"c:\Users\dando\Desktop\צבא\פרויקטים בצבא\chat-group\apps\group-chat\src\app\app.module.ts", "TypeScript", 0, 0, 40, 0, 0, 0, 0, 0, 0, 0, 1, 41
"c:\Users\dando\Desktop\צבא\פרויקטים בצבא\chat-group\apps\group-chat\src\app\components\auth\auth-component.module.ts", "TypeScript", 0, 0, 28, 0, 0, 0, 0, 0, 0, 0, 1, 29
"c:\Users\dando\Desktop\צבא\פרויקטים בצבא\chat-group\apps\group-chat\src\app\components\auth\login-component\login.component.html", "HTML", 0, 0, 0, 0, 0, 0, 35, 0, 0, 0, 1, 36
"c:\Users\dando\Desktop\צבא\פרויקטים בצבא\chat-group\apps\group-chat\src\app\components\auth\login-component\login.component.ts", "TypeScript", 0, 0, 63, 0, 0, 0, 0, 0, 0, 0, 5, 68
"c:\Users\dando\Desktop\צבא\פרויקטים בצבא\chat-group\apps\group-chat\src\app\components\auth\register-component\register.component.html", "HTML", 0, 0, 0, 0, 0, 0, 31, 0, 0, 0, 1, 32
"c:\Users\dando\Desktop\צבא\פרויקטים בצבא\chat-group\apps\group-chat\src\app\components\auth\register-component\register.component.ts", "TypeScript", 0, 0, 57, 0, 0, 0, 0, 0, 0, 0, 4, 61
"c:\Users\dando\Desktop\צבא\פרויקטים בצבא\chat-group\apps\group-chat\src\app\components\groups-page\add-group-dialog\add-group-component-store\add-group-component-store.module.ts", "TypeScript", 0, 0, 7, 0, 0, 0, 0, 0, 0, 0, 2, 9
"c:\Users\dando\Desktop\צבא\פרויקטים בצבא\chat-group\apps\group-chat\src\app\components\groups-page\add-group-dialog\add-group-component-store\add-group-component-store.service.ts", "TypeScript", 0, 0, 51, 0, 0, 0, 0, 0, 0, 3, 14, 68
"c:\Users\dando\Desktop\צבא\פרויקטים בצבא\chat-group\apps\group-chat\src\app\components\groups-page\add-group-dialog\add-group.dialog.component.html", "HTML", 0, 0, 0, 0, 0, 0, 38, 0, 0, 0, 3, 41
"c:\Users\dando\Desktop\צבא\פרויקטים בצבא\chat-group\apps\group-chat\src\app\components\groups-page\add-group-dialog\add-group.dialog.component.ts", "TypeScript", 0, 0, 54, 0, 0, 0, 0, 0, 0, 0, 6, 60
"c:\Users\dando\Desktop\צבא\פרויקטים בצבא\chat-group\apps\group-chat\src\app\components\groups-page\add-group-dialog\add-group.module.ts", "TypeScript", 0, 0, 25, 0, 0, 0, 0, 0, 0, 0, 2, 27
"c:\Users\dando\Desktop\צבא\פרויקטים בצבא\chat-group\apps\group-chat\src\app\components\groups-page\chat-panel\chat-component-store\chat-component-store.module.ts", "TypeScript", 0, 0, 7, 0, 0, 0, 0, 0, 0, 0, 1, 8
"c:\Users\dando\Desktop\צבא\פרויקטים בצבא\chat-group\apps\group-chat\src\app\components\groups-page\chat-panel\chat-component-store\chat-component-store.service.ts", "TypeScript", 0, 0, 70, 0, 0, 0, 0, 0, 0, 3, 12, 85
"c:\Users\dando\Desktop\צבא\פרויקטים בצבא\chat-group\apps\group-chat\src\app\components\groups-page\chat-panel\chat-panel.component.html", "HTML", 0, 0, 0, 0, 0, 0, 23, 0, 0, 16, 1, 40
"c:\Users\dando\Desktop\צבא\פרויקטים בצבא\chat-group\apps\group-chat\src\app\components\groups-page\chat-panel\chat-panel.component.ts", "TypeScript", 0, 0, 88, 0, 0, 0, 0, 0, 0, 0, 9, 97
"c:\Users\dando\Desktop\צבא\פרויקטים בצבא\chat-group\apps\group-chat\src\app\components\groups-page\chat-panel\chat.module.ts", "TypeScript", 0, 0, 39, 0, 0, 0, 0, 0, 0, 0, 1, 40
"c:\Users\dando\Desktop\צבא\פרויקטים בצבא\chat-group\apps\group-chat\src\app\components\groups-page\chat-panel\message-input\message-input.component.html", "HTML", 0, 0, 0, 0, 0, 0, 4, 0, 0, 0, 2, 6
"c:\Users\dando\Desktop\צבא\פרויקטים בצבא\chat-group\apps\group-chat\src\app\components\groups-page\chat-panel\message-input\message-input.component.ts", "TypeScript", 0, 0, 21, 0, 0, 0, 0, 0, 0, 0, 4, 25
"c:\Users\dando\Desktop\צבא\פרויקטים בצבא\chat-group\apps\group-chat\src\app\components\groups-page\chat-panel\message-template\message-template.component.html", "HTML", 0, 0, 0, 0, 0, 0, 17, 0, 0, 0, 2, 19
"c:\Users\dando\Desktop\צבא\פרויקטים בצבא\chat-group\apps\group-chat\src\app\components\groups-page\chat-panel\message-template\message-template.component.ts", "TypeScript", 0, 0, 17, 0, 0, 0, 0, 0, 0, 0, 5, 22
"c:\Users\dando\Desktop\צבא\פרויקטים בצבא\chat-group\apps\group-chat\src\app\components\groups-page\group-panel-component\group-component-store\group-component-store.service.ts", "TypeScript", 0, 0, 73, 0, 0, 0, 0, 0, 0, 3, 11, 87
"c:\Users\dando\Desktop\צבא\פרויקטים בצבא\chat-group\apps\group-chat\src\app\components\groups-page\group-panel-component\group-component-store\groups-component-store.module.ts", "TypeScript", 0, 0, 7, 0, 0, 0, 0, 0, 0, 0, 1, 8
"c:\Users\dando\Desktop\צבא\פרויקטים בצבא\chat-group\apps\group-chat\src\app\components\groups-page\group-panel-component\groups-panel\group-template\group-template.component.html", "HTML", 0, 0, 0, 0, 0, 0, 24, 0, 0, 0, 1, 25
"c:\Users\dando\Desktop\צבא\פרויקטים בצבא\chat-group\apps\group-chat\src\app\components\groups-page\group-panel-component\groups-panel\group-template\group-template.component.ts", "TypeScript", 0, 0, 54, 0, 0, 0, 0, 0, 0, 2, 3, 59
"c:\Users\dando\Desktop\צבא\פרויקטים בצבא\chat-group\apps\group-chat\src\app\components\groups-page\group-panel-component\groups-panel\groups-panel.component.html", "HTML", 0, 0, 0, 0, 0, 0, 18, 0, 0, 0, 1, 19
"c:\Users\dando\Desktop\צבא\פרויקטים בצבא\chat-group\apps\group-chat\src\app\components\groups-page\group-panel-component\groups-panel\groups-panel.component.ts", "TypeScript", 0, 0, 58, 0, 0, 0, 0, 0, 0, 1, 6, 65
"c:\Users\dando\Desktop\צבא\פרויקטים בצבא\chat-group\apps\group-chat\src\app\components\groups-page\group.module.ts", "TypeScript", 0, 0, 44, 0, 0, 0, 0, 0, 0, 0, 1, 45
"c:\Users\dando\Desktop\צבא\פרויקטים בצבא\chat-group\apps\group-chat\src\app\components\groups-page\groups-page.component.html", "HTML", 0, 0, 0, 0, 0, 0, 11, 0, 0, 0, 2, 13
"c:\Users\dando\Desktop\צבא\פרויקטים בצבא\chat-group\apps\group-chat\src\app\components\groups-page\groups-page.component.ts", "TypeScript", 0, 0, 7, 0, 0, 0, 0, 0, 0, 0, 4, 11
"c:\Users\dando\Desktop\צבא\פרויקטים בצבא\chat-group\apps\group-chat\src\app\components\navbar\navbar.module.ts", "TypeScript", 0, 0, 34, 0, 0, 0, 0, 0, 0, 0, 1, 35
"c:\Users\dando\Desktop\צבא\פרויקטים בצבא\chat-group\apps\group-chat\src\app\components\navbar\popUp-menu\custom-user-template\user-template.component.html", "HTML", 0, 0, 0, 0, 0, 0, 10, 0, 0, 0, 1, 11
"c:\Users\dando\Desktop\צבא\פרויקטים בצבא\chat-group\apps\group-chat\src\app\components\navbar\popUp-menu\custom-user-template\user-template.component.ts", "TypeScript", 0, 0, 9, 0, 0, 0, 0, 0, 0, 0, 1, 10
"c:\Users\dando\Desktop\צבא\פרויקטים בצבא\chat-group\apps\group-chat\src\app\components\navbar\popUp-menu\menu.component.html", "HTML", 0, 0, 0, 0, 0, 0, 32, 0, 0, 1, 5, 38
"c:\Users\dando\Desktop\צבא\פרויקטים בצבא\chat-group\apps\group-chat\src\app\components\navbar\popUp-menu\menu.component.ts", "TypeScript", 0, 0, 76, 0, 0, 0, 0, 0, 0, 0, 8, 84
"c:\Users\dando\Desktop\צבא\פרויקטים בצבא\chat-group\apps\group-chat\src\app\nx-welcome.component.ts", "TypeScript", 0, 0, 906, 0, 0, 0, 0, 0, 0, 0, 2, 908
"c:\Users\dando\Desktop\צבא\פרויקטים בצבא\chat-group\apps\group-chat\src\app\shared\enums\isLogging.enum.ts", "TypeScript", 0, 0, 9, 0, 0, 0, 0, 0, 0, 0, 1, 10
"c:\Users\dando\Desktop\צבא\פרויקטים בצבא\chat-group\apps\group-chat\src\app\shared\guards\authentication.guard.ts", "TypeScript", 0, 0, 30, 0, 0, 0, 0, 0, 0, 0, 7, 37
"c:\Users\dando\Desktop\צבא\פרויקטים בצבא\chat-group\apps\group-chat\src\app\shared\index.ts", "TypeScript", 0, 0, 5, 0, 0, 0, 0, 0, 0, 0, 1, 6
"c:\Users\dando\Desktop\צבא\פרויקטים בצבא\chat-group\apps\group-chat\src\app\shared\models\login_user.interface.ts", "TypeScript", 0, 0, 5, 0, 0, 0, 0, 0, 0, 0, 2, 7
"c:\Users\dando\Desktop\צבא\פרויקטים בצבא\chat-group\apps\group-chat\src\app\shared\models\transfer_group_data.interface.ts", "TypeScript", 0, 0, 4, 0, 0, 0, 0, 0, 0, 0, 1, 5
"c:\Users\dando\Desktop\צבא\פרויקטים בצבא\chat-group\apps\group-chat\src\app\shared\models\user.interface.ts", "TypeScript", 0, 0, 4, 0, 0, 0, 0, 0, 0, 0, 3, 7
"c:\Users\dando\Desktop\צבא\פרויקטים בצבא\chat-group\apps\group-chat\src\app\shared\ngrx_store\login_state\index.ts", "TypeScript", 0, 0, 3, 0, 0, 0, 0, 0, 0, 0, 3, 6
"c:\Users\dando\Desktop\צבא\פרויקטים בצבא\chat-group\apps\group-chat\src\app\shared\ngrx_store\login_state\login.actions.ts", "TypeScript", 0, 0, 15, 0, 0, 0, 0, 0, 0, 0, 11, 26
"c:\Users\dando\Desktop\צבא\פרויקטים בצבא\chat-group\apps\group-chat\src\app\shared\ngrx_store\login_state\login.effects.ts", "TypeScript", 0, 0, 123, 0, 0, 0, 0, 0, 0, 0, 10, 133
"c:\Users\dando\Desktop\צבא\פרויקטים בצבא\chat-group\apps\group-chat\src\app\shared\ngrx_store\login_state\login.state.ts", "TypeScript", 0, 0, 81, 0, 0, 0, 0, 0, 0, 0, 8, 89
"c:\Users\dando\Desktop\צבא\פרויקטים בצבא\chat-group\apps\group-chat\src\app\shared\services\sharedDataService.ts", "TypeScript", 0, 0, 10, 0, 0, 0, 0, 0, 0, 0, 3, 13
"c:\Users\dando\Desktop\צבא\פרויקטים בצבא\chat-group\apps\group-chat\src\app\shared\sharedData.module.ts", "TypeScript", 0, 0, 7, 0, 0, 0, 0, 0, 0, 0, 3, 10
"c:\Users\dando\Desktop\צבא\פרויקטים בצבא\chat-group\apps\group-chat\src\app\socket-io-endpoint\socket.service.ts", "TypeScript", 0, 0, 58, 0, 0, 0, 0, 0, 0, 0, 9, 67
"c:\Users\dando\Desktop\צבא\פרויקטים בצבא\chat-group\apps\group-chat\src\assets\themes\bootstrap4-dark-purple\theme.css", "CSS", 0, 0, 0, 0, 0, 0, 0, 0, 6243, 2, 221, 6466
"c:\Users\dando\Desktop\צבא\פרויקטים בצבא\chat-group\apps\group-chat\src\assets\themes\bootstrap4-light-purple\theme.css", "CSS", 0, 0, 0, 0, 0, 0, 0, 0, 6243, 2, 221, 6466
"c:\Users\dando\Desktop\צבא\פרויקטים בצבא\chat-group\apps\group-chat\src\environments\environment.production.ts", "TypeScript", 0, 0, 7, 0, 0, 0, 0, 0, 0, 0, 1, 8
"c:\Users\dando\Desktop\צבא\פרויקטים בצבא\chat-group\apps\group-chat\src\environments\environment.ts", "TypeScript", 0, 0, 7, 0, 0, 0, 0, 0, 0, 0, 1, 8
"c:\Users\dando\Desktop\צבא\פרויקטים בצבא\chat-group\apps\group-chat\src\index.html", "HTML", 0, 0, 0, 0, 0, 0, 18, 0, 0, 0, 1, 19
"c:\Users\dando\Desktop\צבא\פרויקטים בצבא\chat-group\apps\group-chat\src\main.ts", "TypeScript", 0, 0, 6, 0, 0, 0, 0, 0, 0, 0, 2, 8
"c:\Users\dando\Desktop\צבא\פרויקטים בצבא\chat-group\apps\group-chat\src\styles.scss", "SCSS", 0, 0, 0, 0, 0, 10, 0, 0, 0, 1, 2, 13
"c:\Users\dando\Desktop\צבא\פרויקטים בצבא\chat-group\apps\group-chat\src\test-setup.ts", "TypeScript", 0, 0, 7, 0, 0, 0, 0, 0, 0, 1, 1, 9
"c:\Users\dando\Desktop\צבא\פרויקטים בצבא\chat-group\apps\group-chat\src\typing.d.ts", "TypeScript", 0, 0, 0, 0, 0, 0, 0, 0, 0, 4, 2, 6
"c:\Users\dando\Desktop\צבא\פרויקטים בצבא\chat-group\apps\group-chat\tsconfig.app.json", "JSON", 10, 0, 0, 0, 0, 0, 0, 0, 0, 0, 1, 11
"c:\Users\dando\Desktop\צבא\פרויקטים בצבא\chat-group\apps\group-chat\tsconfig.editor.json", "JSON", 6, 0, 0, 0, 0, 0, 0, 0, 0, 0, 1, 7
"c:\Users\dando\Desktop\צבא\פרויקטים בצבא\chat-group\apps\group-chat\tsconfig.json", "JSON with Comments", 0, 33, 0, 0, 0, 0, 0, 0, 0, 0, 4, 37
"c:\Users\dando\Desktop\צבא\פרויקטים בצבא\chat-group\apps\group-chat\tsconfig.spec.json", "JSON", 16, 0, 0, 0, 0, 0, 0, 0, 0, 0, 1, 17
"c:\Users\dando\Desktop\צבא\פרויקטים בצבא\chat-group\apps\group-chat\webpack.config.js", "JavaScript", 0, 0, 0, 0, 0, 0, 0, 0, 0, 16, 3, 19
"Total", "-", 461, 81, 4100, 27, 24, 10, 262, 21, 12486, 142, 1022, 18636